Username;Password
1LY4YW;$;2o588F72hE
KTIWB9;$;jSjSP9VO1c
XMO7YS;$;VHO1Xj5CQe
YZUH78;$;YAEUqN1fQ1
0HH0C2;$;v0t3zJ9tXb
9O70AF;$;is1Guy305o
ZBLLSB;$;iHt7U2yNt9
CJBO2R;$;SMk5y157n8
MO90M8;$;2mHfKud83A
T0XL5S;$;967S2YSntl
MZ4ULS;$;ibD82cPzQ6
C2CUR7;$;7Lfne7fhPS
YYKJ3X;$;sAC1AEAWev
Y50250;$;D0pfGckQLx
BXH540;$;IYQy99l5N9
OWTHWS;$;8f1Y8zUUxp
UD3T14;$;h4kbpRrMS7
3GZ655;$;82IHSY42DI
DM7SVZ;$;i3f8CFM65X
Q76VZW;$;1C5jCKWeaR
XWJLQE;$;ld2fX6Jdhi
484GH2;$;91L5wKXLCZ
VDFNY4;$;q6lOSS51ZS
R6QCYF;$;b9qz56B3Y5
YN5LZY;$;59GRJqDXpD
6RA1CT;$;9tSuMf3EcW
32HJI9;$;bVa8FsZlba
L7YDCK;$;aP4l8P35m8
EDT1FW;$;T7MXTRL7Y7
HV3TBA;$;2xb6X2qkg3
UTTVGP;$;8DjpYOb05W
3XO9UV;$;7U1s61prFQ
C3421T;$;p2H8chs808
8CBPEQ;$;1yx4LhKQzJ
3HL008;$;gcaCfEqde2
4ET7LO;$;oieAHuk4m1
OYULWH;$;Bn6Q05D99l
5A9XG4;$;NigHeeeuKp
2556PP;$;UcfLs566Dn
4CC2O0;$;70yw5Ut1O7
D4K6CN;$;7j3t196HFv
J9JW5J;$;wJK9RHT63N
TJOFAU;$;rsuZLUJgY5
BTLJYQ;$;4SX3jl1qUr
FQD2XX;$;58xP0Z4fM0
6SO1Z3;$;e241df06mm
6WTJU1;$;4Mn14Y6y7n
VLPSNS;$;P33gKRw0zi
0W4O5N;$;fYZaYiRlio
L88WTM;$;9aK04L7CNH
